{
	"info": {
		"_postman_id": "e598c173-0f03-49a1-983f-c44ce4cb846c",
		"name": "CS 496 Marina Assignment",
		"schema": "https://schema.getpostman.com/json/collection/v2.0.0/collection.json"
	},
	"item": [
		{
			"name": "Get boat count",
			"event": [
				{
					"listen": "test",
					"script": {
						"id": "72eed9ef-3a33-4924-bc2a-a64f28a7eec6",
						"type": "text/javascript",
						"exec": [
							"var body = JSON.parse(responseBody);",
							"pm.globals.set(\"numBoats\", body.Boats.length);"
						]
					}
				}
			],
			"request": {
				"method": "GET",
				"header": [],
				"body": {
					"mode": "raw",
					"raw": "{\"testing\": \"123\"}"
				},
				"url": "https://cs496-marina-fahlmant.appspot.com/boats"
			},
			"response": []
		},
		{
			"name": "Create a boat",
			"event": [
				{
					"listen": "test",
					"script": {
						"id": "e2d6e307-d3c9-4500-b9a0-febab890fe2f",
						"type": "text/javascript",
						"exec": [
							"var body = JSON.parse(responseBody);",
							"pm.environment.set(\"boatID\", body.boat_id);"
						]
					}
				}
			],
			"request": {
				"method": "POST",
				"header": [],
				"body": {
					"mode": "raw",
					"raw": "{\n\t\"name\": \"Boat Number 1\",\n\t\"boat_type\": \"sailboat\",\n\t\"length\": 50\n}"
				},
				"url": "https://cs496-marina-fahlmant.appspot.com/boats"
			},
			"response": []
		},
		{
			"name": "Get boat count after creation",
			"event": [
				{
					"listen": "test",
					"script": {
						"id": "2353aac8-9f1c-4f33-b088-9f094d4c6b0f",
						"type": "text/javascript",
						"exec": [
							"var body = JSON.parse(responseBody);",
							"tests[\"Boat has been succesfully created\"] = body.Boats.length > (pm.globals.get(\"numBoats\"));",
							"",
							""
						]
					}
				}
			],
			"request": {
				"method": "GET",
				"header": [],
				"body": {},
				"url": "https://cs496-marina-fahlmant.appspot.com/boats"
			},
			"response": []
		},
		{
			"name": "Get boat by ID, ensure at_sea is true",
			"event": [
				{
					"listen": "test",
					"script": {
						"id": "ae470928-50f2-44cd-ab74-d420522a9f1d",
						"type": "text/javascript",
						"exec": [
							"var body = JSON.parse(responseBody);",
							"tests[\"Boat exists\"] = body.boat_id === pm.environment.get(\"boatID\");",
							"tests['at_sea is true'] = body.at_sea === true"
						]
					}
				}
			],
			"request": {
				"method": "GET",
				"header": [],
				"body": {},
				"url": "https://cs496-marina-fahlmant.appspot.com/boats/{{boatID}}"
			},
			"response": []
		},
		{
			"name": "Attempt to create duplicatly named boat",
			"event": [
				{
					"listen": "test",
					"script": {
						"id": "69d7d420-1d2e-4f43-a54e-7dfce2a3bf99",
						"type": "text/javascript",
						"exec": [
							"var body = responseBody;",
							"tests['Code is 403 since boat already exists'] = responseCode.code === 403;",
							"tests['Bad ID error is returned'] = body === '403 Error: Boat with name exists'",
							"",
							""
						]
					}
				}
			],
			"request": {
				"method": "POST",
				"header": [],
				"body": {
					"mode": "raw",
					"raw": "{\n\t\"name\": \"Boat Number 1\",\n\t\"boat_type\": \"motorboat\",\n\t\"length\": 100\n}"
				},
				"url": "https://cs496-marina-fahlmant.appspot.com/boats"
			},
			"response": []
		},
		{
			"name": "Create Second Boat",
			"event": [
				{
					"listen": "test",
					"script": {
						"id": "b95f7bb0-b9fb-40cd-b0be-bb6f066c1e82",
						"type": "text/javascript",
						"exec": [
							"var body = JSON.parse(responseBody);",
							"pm.environment.set(\"boatID2\", body.boat_id);"
						]
					}
				}
			],
			"request": {
				"method": "POST",
				"header": [],
				"body": {
					"mode": "raw",
					"raw": "{\n\t\"name\": \"Boat Number 2\",\n\t\"boat_type\": \"motorboat\",\n\t\"length\": 100\n}"
				},
				"url": "https://cs496-marina-fahlmant.appspot.com/boats"
			},
			"response": []
		},
		{
			"name": "Edit boat using put",
			"event": [
				{
					"listen": "test",
					"script": {
						"id": "d54bf69c-e72b-419c-b254-7d8a55e1896c",
						"type": "text/javascript",
						"exec": [
							"var body = JSON.parse(responseBody);",
							"tests[\"Boat name changed\"] = body.name === \"Boat 5\";"
						]
					}
				}
			],
			"request": {
				"method": "PUT",
				"header": [],
				"body": {
					"mode": "raw",
					"raw": "{\n\t\"name\": \"Boat 5\"\n}"
				},
				"url": "https://cs496-marina-fahlmant.appspot.com/boats/{{boatID}}"
			},
			"response": []
		},
		{
			"name": "List all boats, make sure both are there",
			"event": [
				{
					"listen": "test",
					"script": {
						"id": "c7c162f6-cd1d-46aa-bd29-75e47ebc8ef7",
						"type": "text/javascript",
						"exec": [
							"var body = JSON.parse(responseBody);",
							"tests[\"Boat 1 exists\"] = body.Boats[0].name = 'Boat Number 1';",
							"tests[\"Boat 2 exists\"] = body.Boats[1].name = 'Boat Number 2';"
						]
					}
				}
			],
			"request": {
				"method": "GET",
				"header": [],
				"body": {
					"mode": "raw",
					"raw": "{\n\t\"name\": \"Boat Number 2\",\n\t\"boat_type\": \"motorboat\",\n\t\"length\": 100\n}"
				},
				"url": "https://cs496-marina-fahlmant.appspot.com/boats"
			},
			"response": []
		},
		{
			"name": "Get slip count",
			"event": [
				{
					"listen": "test",
					"script": {
						"id": "aefc7ff5-01d2-4e55-ad62-d4d08e2dbf12",
						"type": "text/javascript",
						"exec": [
							"var body = JSON.parse(responseBody);",
							"pm.globals.set(\"numSlips\", body.Slips.length);"
						]
					}
				}
			],
			"request": {
				"method": "GET",
				"header": [],
				"body": {},
				"url": "https://cs496-marina-fahlmant.appspot.com/slips"
			},
			"response": []
		},
		{
			"name": "Create Slip",
			"event": [
				{
					"listen": "test",
					"script": {
						"id": "5651af9b-0015-4975-96a0-d662ea0debe4",
						"type": "text/javascript",
						"exec": [
							"var body = JSON.parse(responseBody);",
							"pm.environment.set(\"slipID\", body.slip_id);"
						]
					}
				}
			],
			"request": {
				"method": "POST",
				"header": [
					{
						"key": "Content-Type",
						"value": "application/x-www-form-urlencoded"
					}
				],
				"body": {
					"mode": "raw",
					"raw": "{\n\t\"number\": 531\n}"
				},
				"url": "https://cs496-marina-fahlmant.appspot.com/slips"
			},
			"response": []
		},
		{
			"name": "Create Slip 2",
			"event": [
				{
					"listen": "test",
					"script": {
						"id": "d07055d8-c283-4dc0-96b8-ed663398c0e4",
						"type": "text/javascript",
						"exec": [
							"var body = JSON.parse(responseBody);",
							"pm.environment.set(\"slipID2\", body.slip_id);"
						]
					}
				}
			],
			"request": {
				"method": "POST",
				"header": [
					{
						"key": "Content-Type",
						"value": "application/x-www-form-urlencoded"
					}
				],
				"body": {
					"mode": "raw",
					"raw": "{\n\t\"number\": 535\n}"
				},
				"url": "https://cs496-marina-fahlmant.appspot.com/slips"
			},
			"response": []
		},
		{
			"name": "Ensure that a slip cannot be created if number exists",
			"event": [
				{
					"listen": "test",
					"script": {
						"id": "cf4a4032-7f8f-41e9-a77d-3a3f19bdcca1",
						"type": "text/javascript",
						"exec": [
							"var body = responseBody;",
							"tests['Code is 403 since slip exists'] = responseCode.code === 403;",
							"tests['Bad ID error is returned'] = body === '403 Error: Slip with number exists'"
						]
					}
				}
			],
			"request": {
				"method": "POST",
				"header": [],
				"body": {
					"mode": "raw",
					"raw": "{\n\t\"number\": 531\n}"
				},
				"url": "https://cs496-marina-fahlmant.appspot.com/slips"
			},
			"response": []
		},
		{
			"name": "Get slip by ID, ensure current_boat and arrival_date are empty",
			"event": [
				{
					"listen": "test",
					"script": {
						"id": "cf80563e-2978-4a84-9c12-ab0ecde29529",
						"type": "text/javascript",
						"exec": [
							"var body = JSON.parse(responseBody);",
							"tests[\"Slip exists\"] = body.slip_id === pm.environment.get(\"slipID\");",
							"tests['current_boat is empty'] = body.current_boat === '';",
							"tests['arrival_date is empty'] = body.arrival_date === '';"
						]
					}
				}
			],
			"request": {
				"method": "GET",
				"header": [],
				"body": {},
				"url": "https://cs496-marina-fahlmant.appspot.com/slips/{{slipID}}"
			},
			"response": []
		},
		{
			"name": "Get slip count after creation",
			"event": [
				{
					"listen": "test",
					"script": {
						"id": "c13cd052-b7d5-450e-88b5-6122d69239f5",
						"type": "text/javascript",
						"exec": [
							"var body = JSON.parse(responseBody);",
							"tests[\"Slip has been succesfully created\"] = body.Slips.length > (pm.globals.get(\"numSlips\"));"
						]
					}
				}
			],
			"request": {
				"method": "GET",
				"header": [],
				"body": {},
				"url": "https://cs496-marina-fahlmant.appspot.com/slips"
			},
			"response": []
		},
		{
			"name": "Edit boat using put Copy",
			"event": [
				{
					"listen": "test",
					"script": {
						"id": "a20a77ac-2eb9-43be-bd64-0507d0ab4475",
						"type": "text/javascript",
						"exec": [
							"var body = JSON.parse(responseBody);",
							"tests[\"Slip number has changed\"] = body.number === 201;"
						]
					}
				}
			],
			"request": {
				"method": "PUT",
				"header": [],
				"body": {
					"mode": "raw",
					"raw": "{\n\t\"number\": 201\n}"
				},
				"url": "https://cs496-marina-fahlmant.appspot.com/slips/{{slipID}}"
			},
			"response": []
		},
		{
			"name": "Attempt to put boat in slip without boat ID",
			"event": [
				{
					"listen": "test",
					"script": {
						"id": "50f62a23-fbe7-4746-b8b2-a2237d6d8647",
						"type": "text/javascript",
						"exec": [
							"var body = responseBody;",
							"tests['Code 403'] = responseCode.code === 403;",
							"tests['Please provide valid id error is returned'] = body === '403 Error: Please provide valid boat ID'"
						]
					}
				}
			],
			"request": {
				"method": "PUT",
				"header": [],
				"body": {
					"mode": "raw",
					"raw": "{\n\t\"boat_id\": \"\",\n\t\"arrival_date\": \"May 5th\"\n}"
				},
				"url": "https://cs496-marina-fahlmant.appspot.com/slips/{{slipID}}/dock"
			},
			"response": []
		},
		{
			"name": "Attempt to put boat in slip without arrival date",
			"event": [
				{
					"listen": "test",
					"script": {
						"id": "f067676d-624d-436f-b1fe-05ef202268e7",
						"type": "text/javascript",
						"exec": [
							"var body = responseBody;",
							"tests['Code 403'] = responseCode.code === 403;",
							"tests['Please provide valid arrival date error is returned'] = body === '403 Error: Please provide arrival date'"
						]
					}
				}
			],
			"request": {
				"method": "PUT",
				"header": [],
				"body": {
					"mode": "raw",
					"raw": "{\n\t\"boat_id\": \"{{boatID}}\",\n\t\"arrival_date\": \"\"\n}"
				},
				"url": "https://cs496-marina-fahlmant.appspot.com/slips/{{slipID}}/dock"
			},
			"response": []
		},
		{
			"name": "Set boat in Slip",
			"request": {
				"method": "PUT",
				"header": [
					{
						"key": "",
						"value": "",
						"disabled": true
					},
					{
						"key": "Content-Type",
						"value": "application/x-www-form-urlencoded"
					}
				],
				"body": {
					"mode": "raw",
					"raw": "{\n\t\"boat_id\": \"{{boatID}}\",\n\t\"arrival_date\": \"May 5th\"\n}"
				},
				"url": "https://cs496-marina-fahlmant.appspot.com/slips/{{slipID}}/dock"
			},
			"response": []
		},
		{
			"name": "Ensure boat is in slip",
			"event": [
				{
					"listen": "test",
					"script": {
						"id": "b28c82f7-5649-4ae7-909f-fd1a5b40f2c9",
						"type": "text/javascript",
						"exec": [
							"var body = JSON.parse(responseBody);",
							"tests[\"Boat is in slip\"] = body.current_boat === pm.environment.get(\"boatID\");",
							"tests['Arrival date is May 5th'] = body.arrival_date === 'May 5th';"
						]
					}
				}
			],
			"request": {
				"method": "GET",
				"header": [],
				"body": {
					"mode": "raw",
					"raw": "{\n\t\"boat_id\": {{boatID}},\n\t\"arrival_date\": \"May 5th\"\n}"
				},
				"url": "https://cs496-marina-fahlmant.appspot.com/slips/{{slipID}}"
			},
			"response": []
		},
		{
			"name": "Get boat in Slip via URL, ensure at_sea is false",
			"event": [
				{
					"listen": "test",
					"script": {
						"id": "4f1439ea-43ab-410e-8512-5c17e4eec039",
						"type": "text/javascript",
						"exec": [
							"var body = JSON.parse(responseBody);",
							"tests[\"URL points to the boat\"] = body.boat_id === pm.environment.get(\"boatID\");",
							"tests['At sea is set to false'] = body.at_sea === false;"
						]
					}
				}
			],
			"request": {
				"method": "GET",
				"header": [],
				"body": {
					"mode": "raw",
					"raw": "{\n\t\"boat_id\": {{boatID}},\n\t\"arrival_date\": \"May 5th\"\n}"
				},
				"url": "https://cs496-marina-fahlmant.appspot.com/slips/{{slipID}}/boat"
			},
			"response": []
		},
		{
			"name": "Attempt to set second boat in slip",
			"event": [
				{
					"listen": "test",
					"script": {
						"id": "1726338f-3366-4c49-a45c-dde10001e64a",
						"type": "text/javascript",
						"exec": [
							"var body = responseBody;",
							"tests['Code is 403 since slip exists'] = responseCode.code === 403;",
							"tests['Slip is occupied error is returned'] = body === '403 Error: Slip is occupied'"
						]
					}
				}
			],
			"request": {
				"method": "PUT",
				"header": [
					{
						"key": "",
						"value": "",
						"disabled": true
					},
					{
						"key": "Content-Type",
						"value": "application/x-www-form-urlencoded",
						"disabled": true
					}
				],
				"body": {
					"mode": "raw",
					"raw": "{\n\t\"boat_id\": \"{{boatID2}}\",\n\t\"arrival_date\": \"May 5th\"\n}"
				},
				"url": "https://cs496-marina-fahlmant.appspot.com/slips/{{slipID}}/dock"
			},
			"response": []
		},
		{
			"name": "Ensure 1st boat is in slip still",
			"event": [
				{
					"listen": "test",
					"script": {
						"id": "b28c82f7-5649-4ae7-909f-fd1a5b40f2c9",
						"type": "text/javascript",
						"exec": [
							"var body = JSON.parse(responseBody);",
							"tests[\"Boat is in slip\"] = body.current_boat === pm.environment.get(\"boatID\");",
							"tests['Arrival date is May 5th'] = body.arrival_date === 'May 5th';"
						]
					}
				}
			],
			"request": {
				"method": "GET",
				"header": [],
				"body": {
					"mode": "raw",
					"raw": "{\n\t\"boat_id\": {{boatID}},\n\t\"arrival_date\": \"May 5th\"\n}"
				},
				"url": "https://cs496-marina-fahlmant.appspot.com/slips/{{slipID}}"
			},
			"response": []
		},
		{
			"name": "Undock boat from slip",
			"event": [
				{
					"listen": "test",
					"script": {
						"id": "1f356104-4e95-45a4-b44c-3763f648d2df",
						"type": "text/javascript",
						"exec": [
							""
						]
					}
				}
			],
			"request": {
				"method": "DELETE",
				"header": [],
				"body": {},
				"url": "https://cs496-marina-fahlmant.appspot.com/slips/{{slipID}}}}/dock"
			},
			"response": []
		},
		{
			"name": "Ensure boat is no longer in slip",
			"event": [
				{
					"listen": "test",
					"script": {
						"id": "cd0a963c-058e-444b-ab9b-c27a96fd4d65",
						"type": "text/javascript",
						"exec": [
							"var body = JSON.parse(responseBody);",
							"tests['No current boat in slip'] = body.current_boat === '';",
							"tests['No arrival date'] = body.arrival_date === '';"
						]
					}
				}
			],
			"request": {
				"method": "GET",
				"header": [],
				"body": {
					"mode": "raw",
					"raw": "{\n\t\"boat_id\": {{boatID}},\n\t\"arrival_date\": \"May 5th\"\n}"
				},
				"url": "https://cs496-marina-fahlmant.appspot.com/slips/{{slipID}}"
			},
			"response": []
		},
		{
			"name": "Ensure boat is now at sea",
			"event": [
				{
					"listen": "test",
					"script": {
						"id": "1e26fea9-4c24-4d92-88bb-d91148a05e79",
						"type": "text/javascript",
						"exec": [
							"var body = JSON.parse(responseBody);",
							"tests['Boat is no longer at sea'] = body.at_sea === true;"
						]
					}
				}
			],
			"request": {
				"method": "GET",
				"header": [],
				"body": {
					"mode": "raw",
					"raw": "{\n\t\"boat_id\": {{boatID}},\n\t\"arrival_date\": \"May 5th\"\n}"
				},
				"url": "https://cs496-marina-fahlmant.appspot.com/boats/{{boatID}}"
			},
			"response": []
		},
		{
			"name": "Set boat in Slip again",
			"request": {
				"method": "PUT",
				"header": [
					{
						"key": "",
						"value": "",
						"disabled": true
					},
					{
						"key": "Content-Type",
						"value": "application/x-www-form-urlencoded"
					}
				],
				"body": {
					"mode": "raw",
					"raw": "{\n\t\"boat_id\": \"{{boatID}}\",\n\t\"arrival_date\": \"May 5th\"\n}"
				},
				"url": "https://cs496-marina-fahlmant.appspot.com/slips/{{slipID}}/dock"
			},
			"response": []
		},
		{
			"name": "Delete slip with boat in it",
			"event": [
				{
					"listen": "test",
					"script": {
						"id": "20c06eb7-ceb0-4cd2-b2d6-e47d92334126",
						"type": "text/javascript",
						"exec": [
							""
						]
					}
				}
			],
			"request": {
				"method": "DELETE",
				"header": [],
				"body": {},
				"url": "https://cs496-marina-fahlmant.appspot.com/slips/{{slipID}}"
			},
			"response": []
		},
		{
			"name": "Ensure boat is at sea now that slip is deleted",
			"event": [
				{
					"listen": "test",
					"script": {
						"id": "9b9b2419-d190-4fa1-b59e-6d613aa5c8ad",
						"type": "text/javascript",
						"exec": [
							"var body = JSON.parse(responseBody);",
							"tests['Boat is no longer at sea'] = body.at_sea === true;"
						]
					}
				}
			],
			"request": {
				"method": "GET",
				"header": [],
				"body": {},
				"url": "https://cs496-marina-fahlmant.appspot.com/boats/{{boatID}}"
			},
			"response": []
		},
		{
			"name": "Set boat2 in Slip2",
			"request": {
				"method": "PUT",
				"header": [
					{
						"key": "",
						"value": "",
						"disabled": true
					},
					{
						"key": "Content-Type",
						"value": "application/x-www-form-urlencoded"
					}
				],
				"body": {
					"mode": "raw",
					"raw": "{\n\t\"boat_id\": \"{{boatID2}}\",\n\t\"arrival_date\": \"May 5th\"\n}"
				},
				"url": "https://cs496-marina-fahlmant.appspot.com/slips/{{slipID2}}/dock"
			},
			"response": []
		},
		{
			"name": "Delete Boat 2",
			"request": {
				"method": "DELETE",
				"header": [],
				"body": {},
				"url": "https://cs496-marina-fahlmant.appspot.com/boats/{{boatID2}}"
			},
			"response": []
		},
		{
			"name": "Ensure boat references are removed after boat is deleted",
			"event": [
				{
					"listen": "test",
					"script": {
						"id": "cd0a963c-058e-444b-ab9b-c27a96fd4d65",
						"type": "text/javascript",
						"exec": [
							"var body = JSON.parse(responseBody);",
							"tests['No current boat in slip'] = body.current_boat === '';",
							"tests['No arrival date'] = body.arrival_date === '';"
						]
					}
				}
			],
			"request": {
				"method": "GET",
				"header": [],
				"body": {
					"mode": "raw",
					"raw": "{\n\t\"boat_id\": {{boatID}},\n\t\"arrival_date\": \"May 5th\"\n}"
				},
				"url": "https://cs496-marina-fahlmant.appspot.com/slips/{{slipID2}}"
			},
			"response": []
		},
		{
			"name": "Delete Boat",
			"request": {
				"method": "DELETE",
				"header": [],
				"body": {},
				"url": "https://cs496-marina-fahlmant.appspot.com/boats/{{boatID}}"
			},
			"response": []
		},
		{
			"name": "Delete slip 2",
			"event": [
				{
					"listen": "test",
					"script": {
						"id": "20c06eb7-ceb0-4cd2-b2d6-e47d92334126",
						"type": "text/javascript",
						"exec": [
							""
						]
					}
				}
			],
			"request": {
				"method": "DELETE",
				"header": [],
				"body": {},
				"url": "https://cs496-marina-fahlmant.appspot.com/slips/{{slipID2}}"
			},
			"response": []
		},
		{
			"name": "Attempt to GET on deleted boat",
			"event": [
				{
					"listen": "test",
					"script": {
						"id": "9ace9b60-6e8a-4843-a265-1a66e5323d63",
						"type": "text/javascript",
						"exec": [
							"var body = responseBody;",
							"tests['Code is 405 since boat does not exist'] = responseCode.code === 405;",
							"tests['Bad ID error is returned'] = body === '405 Error: Bad boat id. Does the boat exist?'"
						]
					}
				}
			],
			"request": {
				"method": "GET",
				"header": [],
				"body": {},
				"url": "https://cs496-marina-fahlmant.appspot.com/boats/{{boatID2}}"
			},
			"response": []
		},
		{
			"name": "Attempt to GET on deleted slip",
			"event": [
				{
					"listen": "test",
					"script": {
						"id": "545558ff-f1b6-4d31-b9dc-d5f53cff1df2",
						"type": "text/javascript",
						"exec": [
							"var body = responseBody;",
							"tests['Code is 405 since slip does not exist'] = responseCode.code === 405;",
							"tests['Bad ID error is returned'] = body === '405 Error: Bad slip id. Does the slip exist?'"
						]
					}
				}
			],
			"request": {
				"method": "GET",
				"header": [],
				"body": {},
				"url": "https://cs496-marina-fahlmant.appspot.com/slips/{{slipID}}"
			},
			"response": []
		}
	]
}